scorer,,,raul,raul,raul,raul,raul,raul,raul,raul,raul,raul,raul,raul,raul,raul,raul,raul,raul,raul,raul,raul,raul,raul,raul,raul,raul,raul,raul,raul,raul,raul
individuals,,,Client,Client,Client,Client,Client,Client,Client,Client,Client,Client,Client,Client,Client,Client,Client,Client,Client,Client,Client,Client,Client,Client,single,single,single,single,single,single,single,single
bodyparts,,,Client_Mouth,Client_Mouth,Client_Eye_L,Client_Eye_L,Client_Eye_R,Client_Eye_R,Client_FinBase_L,Client_FinBase_L,Client_FinTip_L,Client_FinTip_L,Client_FinBase_R,Client_FinBase_R,Client_FinTip_R,Client_FinTip_R,Client_Spine_1,Client_Spine_1,Client_Spine_2,Client_Spine_2,Client_Tail,Client_Tail,Client_TailTip,Client_TailTip,Cleaner_Mouth,Cleaner_Mouth,Cleaner_Spine1,Cleaner_Spine1,Cleaner_Spine2,Cleaner_Spine2,Cleaner_Tail,Cleaner_Tail
coords,,,x,y,x,y,x,y,x,y,x,y,x,y,x,y,x,y,x,y,x,y,x,y,x,y,x,y,x,y,x,y
labeled-data,LD23_all,img000363.png,,,,,,,,,,,,,,,,,,,,,,,,,,,,,,
labeled-data,LD23_all,img000402.png,,,,,,,,,,,,,,,,,,,,,,,1644.128968615295,480.5524280931271,1646.460767155236,517.8612047321853,1628.8057210671102,547.1752435200169,1607.1533060533711,582.152221619134
labeled-data,LD23_all,img000491.png,,,,,,,,,,,,,,,,,,,,,,,1318.0706986758769,727.3275672262555,1346.2565262827568,698.8353719279966,1353.6093508758559,655.9438951349186,1330.3254063310421,623.7752875401101
labeled-data,LD23_all,img001288.png,,,,,,,,,,,,,,,,,,,,,,,1694.8939504031846,865.5596483508801,1704.6977165273165,889.6022176552993,1698.8621414534284,913.411363956763,,
labeled-data,LD23_all,img001405.png,,,,,,,,,,,,,,,,,,,,,,,1693.411820104215,857.738616117686,1703.2399011244884,886.537179107324,1699.3543807211245,914.421502002053,,
labeled-data,LD23_all,img001620.png,,,,,,,,,,,,,,,,,,,,,,,1693.4913358933209,858.9950154310942,1704.9193370796852,883.7962094951189,1700.0563578514452,909.0837014819676,,
labeled-data,LD23_all,img002787.png,,,,,,,,,,,,,,,,,,,,,,,1694.4401979688457,856.6215897889595,1704.7253990365737,881.787507295102,1699.2545474048034,908.4852632581404,,
labeled-data,LD23_all,img003760.png,,,,,,,,,,,,,,,,,,,,,,,1695.0862946048542,856.1210433369968,1704.8560198743887,883.2370155136637,1698.8745554236534,908.55854835511,,
labeled-data,LD23_all,img005273.png,,,,,,,,,,,,,,,,,,,,,,,1687.586508347988,159.2350632301275,1646.759366237298,164.94663233369556,1605.932224126608,175.5236121551178,1587.3167396409049,209.58148718009755
labeled-data,LD23_all,img007030.png,,,,,,,,,,,,,,,,,,,,,,,1632.2659897416472,479.9242770662153,1629.8150482106141,440.0089435608203,1636.4676037948466,395.5418614977925,1622.462223617515,351.07477943476476
labeled-data,LD23_all,img007764.png,,,,,,,,,,,,,,,,,,,,,,,1657.882153474105,160.9211553881429,1663.4454017112116,203.34092319608155,1671.790274066872,242.97906688546686,1684.6552856151811,285.3988346934055
labeled-data,LD23_all,img007952.png,,,,,,,,,,,,,,,,,,,,,,,1714.1750053252158,145.20711882917692,1697.5338904061782,176.4809382459892,1691.5086591423888,205.45943146707214,1712.453510678419,249.35754496039576
labeled-data,LD23_all,img009157.png,,,,,,,,,,,,,,,,,,,,,,,1714.1483671407484,138.27280222846016,1678.5756740861718,150.2843609222133,1633.763320497939,154.44220816235858,1602.1174831701665,175.92441890310937
labeled-data,LD23_all,img009808.png,,,,,,,,,,,,,,,,,,,,,,,,,,,1741.1943573990864,365.00648547678844,1741.1943573990864,314.95670325974095
labeled-data,LD23_all,img010591.png,,,,,,,,,,,,,,,,,,,,,,,1637.0008185255197,147.9239680644101,1677.594537633254,164.00827186181434,1700.3168080772061,196.9427986850706,1677.8498440427368,226.30303577557038
labeled-data,LD23_all,img017332.png,,,,,,,,,,,,,,,,,,,,,,,1661.0143681144275,146.55698398886096,1622.2429704348347,153.77417056991072,1582.6323650132595,165.52307895766612,1549.0640553339583,190.69931121714197
labeled-data,LD23_all,img018018.png,,,,,,,,,,,,,,,,,,,,,,,1637.8057169639715,750.843621769633,1661.3230845117407,713.1555327507721,1681.8254049380012,678.7839955655708,1700.8202018035072,638.3823641373517
labeled-data,LD23_all,img018224.png,960.0122528587099,823.6463598295626,,,,,998.0893802158301,807.2338049342521,993.8221159430494,779.9889638080368,1006.9521598592978,859.4257295013394,1007.6086620551102,878.4642931798995,986.6005917891129,839.0741614311544,1062.0983443075409,829.5548795918744,1140.2221056092185,827.2571219065309,1184.5360038265567,833.8221438646551,1654.6436184162037,738.6627341391527,1664.6224517925525,713.7156506982808,1654.9062192945287,687.455562865784,1643.3517806482303,652.0044442919135
labeled-data,LD23_all,img018438.png,1511.6616065257133,865.6477655344958,1500.5351100515,868.1765147331806,1511.6616065257133,890.4295076816074,1454.0061247956983,870.7052639318655,1450.9716257572763,823.6705288363269,1475.7533679043881,925.3262466234587,1501.5466097309738,946.0619900526746,1471.2016193467553,907.6250022326645,1396.3506430656832,939.9929919758309,1312.9019195090825,962.7517347639947,1280.0281799261793,968.3149830011014,,,1646.1910638957484,786.7507905355278,1622.4208214281105,774.6127943818404,1582.4665840888895,777.1415435805253
labeled-data,LD23_all,img018473.png,1443.431148521718,750.390878403484,1437.6442032401121,792.5529083123258,1460.3786311321348,797.5131471251309,1411.6029494728862,804.9535053443383,1383.9082827680586,800.8199730003341,1461.618690835336,826.0345202987592,1474.0192878673483,835.9549979243691,1446.3246211625208,848.3555949563814,1418.6299544576932,917.3855851012501,1338.026073749613,944.2535453372768,1298.3441632471736,952.1072567908847,1613.132064256166,888.5773447829478,,,,,,
labeled-data,LD23_all,img018503.png,1299.898422469801,772.1879670492632,1340.7474479870182,800.27167209235,1351.4703171852877,774.7410311440892,1357.087058193905,807.9308643768281,1372.9160555818266,841.6313104285323,1368.3205402111398,760.9544850320285,1367.2993145732094,725.2115877044635,1398.9573093490526,800.27167209235,1457.1671707110868,833.9721181440541,1451.0398168835043,875.8423692992016,1433.6789810386872,924.8611999198621,1632.3073676161555,893.7138179629842,1624.648175331677,868.6937898336886,1639.9665599006332,845.716212980254,,
labeled-data,LD23_all,img019915.png,1276.4167707144386,818.8213061209754,1308.6438465918213,848.773529583484,1312.0561252141324,822.2335847432865,,,,,1333.667223155436,796.8310661105261,1333.667223155436,762.7082798874151,1352.2451845435744,851.8066661366495,1441.3435707928086,848.773529583484,1502.0063018561173,808.2053281848964,1545.9867818770158,801.0016288711286,,,,,,,,
labeled-data,LD23_all,img019934.png,1210.7684346804378,855.8136544199796,1230.857401872298,868.0902454816718,1227.881258584615,836.8407409610006,1284.0559631396309,864.7420842830284,1301.5408049547682,886.3191231187299,1260.990852660088,817.123791680101,1261.7348884820087,787.7343767142318,1252.4344407079993,859.9058514405436,1343.9508468042504,850.9774215774947,1412.4021424209586,833.1205618513969,1452.208058893718,837.212758871961,,,,,,,,
labeled-data,LD23_all,img020202.png,1546.331158019724,922.8026521827559,1521.5299639556993,899.4603518872033,1498.6739615829706,922.3163542599319,1527.3655390295876,869.7961785949385,1544.872264251252,851.8031554504499,,,,,1458.7975319114016,881.9536266655388,1413.5718250887685,814.3582153930009,1427.1881669278407,741.8998248922229,1415.0307188572403,707.8589702945419,,,,,,,,
labeled-data,LD23_all,img021528.png,1606.6895845116137,602.7620625161305,1594.6002181502088,622.5446620166115,1617.1304009146452,637.3816116419721,1568.2234188162342,643.9758114754657,1533.0543530376017,647.2729113922126,1599.545868025329,681.8924605180541,1602.2934512892846,695.0808601850413,1591.852634886253,675.2982606845604,1561.0797023299494,729.1508926580916,1524.8116032457347,808.2812906600151,1513.821270189912,850.5940729249326,,,,,,,,
labeled-data,LD23_all,img021676.png,1447.5474087792481,843.6866972291402,,,1450.4165665239098,828.1932454079672,1529.6053202765722,823.0287614675761,,,1470.5006707365417,788.0250369827037,1465.3361867961505,743.2661761659815,1488.289448753444,827.0455823101024,1537.0651304126925,770.8100905147336,1593.8744537569937,705.9671254853797,1626.0090204972046,691.6213367620712,,,,,,,,
labeled-data,LD23_all,img023900.png,1354.3787848225406,836.2845133968747,,,1384.3347368685,853.5091858233012,,,,,1417.286284119055,831.7911205899808,1431.5153613408856,783.1126985152971,1424.4008227299703,904.4343043014319,1518.0131728735928,911.9232923129217,1575.6783805620644,856.8792304284716,1608.255478412045,844.8968496100879,1680.1132326223847,151.64006227146209,1656.4013459054859,171.54909923187716,1638.7292793900613,197.94535048276458,1601.8192670477188,212.4856583752026
labeled-data,LD23_all,img024016.png,1362.6459727733652,837.542331734373,,,1382.8768736961583,829.8545893837115,,,1450.0434647598313,884.0734038567971,1411.2001349880686,810.0283064793744,1420.1017313940974,781.3004271690081,1411.6047530065243,853.3224344541516,1497.3837729191673,832.6869155129026,1567.7873081304872,813.2652506270213,1600.965985643868,807.6005983686391,1717.8374146730773,294.63017953258145,1732.815390696057,254.87046136249012,1730.909102838587,210.20886013033274,1695.2342872202173,191.96296206597577
labeled-data,LD23_all,img025485.png,1558.6727160524163,263.3200822907266,1569.9159240281074,297.7524067162808,1593.1050404779705,284.4010972451475,1563.5916195417813,325.1577261570281,1536.8890005995147,346.94144160992977,1607.8617509460653,315.3199191782983,1638.780572879216,314.6172186798176,1602.2401469582196,332.88743164031575,1625.4292634080828,396.83317700205936,1621.2130604171984,476.9410338288591,1631.7535678944091,526.8327692209887,1701.3209172439983,184.61762646088823,1709.0506227272858,230.29315886213368,1712.5641252196895,269.64438677705283,1723.1046326969,306.8875131965299
labeled-data,LD23_all,img025898.png,1423.9198193757811,473.1248595092898,1438.8224192207228,500.1703184871473,1457.0367079200964,478.6443409333424,1454.2769672080701,529.4235700346259,1432.1990415118598,554.8131845852677,1490.1535964644117,501.8261629143631,1511.1276258758114,506.24174805360514,1474.6990484770645,513.4170739048734,1519.9587961542954,567.5079918605885,1566.874388258742,638.1573540884611,1581.2250399612788,672.9300870599923,1551.419840271395,405.23523799344343,1577.9133511068471,439.45602282256925,1596.6795879486258,475.3326520789108,1631.452320920157,504.5859036263894
labeled-data,LD23_all,img026928.png,1293.1520074497414,549.0819883645133,1339.7909777104205,558.900718945709,1328.2189023825829,531.1978719487643,1373.4551968459482,542.7699472766019,1406.0674091334906,549.4326573138418,1336.6349571664648,506.3003765464469,1335.5829503184796,472.63615741091917,1372.7538589472913,532.2498787967495,1430.2635666371511,500.6896733571923,1507.0600665400739,467.0254542216645,1542.4776304222437,471.2334816136055,1711.9625163334051,126.17220238503796,1715.5197856388627,162.39167167697042,1739.4505064210325,186.3223924591401,1746.5650450319476,164.9787766263942
labeled-data,LD23_all,img027223.png,1242.8183466076619,491.14946198148743,1202.1227654625231,472.77081243207004,1193.5898210288651,506.2462098256517,1181.4467847194287,460.6277761226336,1179.1494535257516,423.5422868532735,1171.6010796036694,503.29249829092396,1157.488902271081,534.1423743203031,1146.3304364732205,484.9138487415065,1077.7386908334306,481.30375686572813,1008.8187550231155,491.14946198148743,968.7795542190275,501.9797376088227,1707.3660332298516,136.87926690081557,1726.3243577511457,163.5551394573268,1726.9954488846429,187.04332912972666,1697.8029845775175,176.9769621272696
labeled-data,LD23_all,img027561.png,1253.1765325539736,395.0456917271352,1239.7838877594004,427.4112499806874,1270.661374369111,421.45896340532147,1246.8522280676473,464.241023165764,1227.5072966977082,485.0740261795447,1285.9141087184862,448.61627090542845,1313.4434341295535,457.172682857517,1266.5691773485469,463.1249694328829,1293.3544669376936,531.9482829605513,1363.293834198243,577.7064860086768,1409.7960730682894,569.5220919675487,1696.5293119618905,131.06149033090276,1725.940610334287,151.28175796192525,1741.8717302860016,176.40390865501377,1743.7099364342762,207.65341317568485
labeled-data,LD23_all,img028451.png,1386.6020985021773,869.7085963390379,1418.1433817765428,874.8511968729017,1403.4012602461328,850.8523943815367,1452.7702253712266,847.7668340612183,1482.5973084676375,858.737715200128,1409.2295408511786,818.6254310359893,1396.8872995699053,779.8845070142144,1444.5420645170443,839.1958331714451,1494.2538696777292,790.8553881531241,1558.3649563332328,735.6581424229845,1601.56280081769,724.3444212484837,1745.732933361735,111.92746637009242,1740.8310502996687,133.1689596390453,1732.388918359444,147.60228198846204,1713.598366621524,153.86579923443531
labeled-data,LD23_all,img028787.png,1280.2235975307212,594.9153051228193,1304.1129829894508,620.0787911393478,1301.2462567344032,587.9077520549253,1344.2471505601166,626.1307687888927,1364.3142343454497,647.4719531320245,1334.372871237175,575.4852716163858,1355.395530440857,547.4550593448097,1332.4617204004767,611.1600872347555,1414.0041560996074,610.8415620953057,1493.6354409620394,617.2120648843003,1542.3697872978478,632.819796717337,1673.2821813855794,131.20120372413018,1670.6367206854168,150.71147638782958,1672.2901336230184,171.21379681408996,1683.86402418623,168.237653526407
labeled-data,LD23_all,img028880.png,1152.877933848944,582.5230053579307,1175.5365428824723,620.2873537471446,1184.5280544037137,590.7951959574729,1214.7395331150847,639.3493581721763,1230.2049329316199,650.8584929193653,1216.8974958801825,586.479270427277,1223.0117237146267,544.3989965078673,1212.5815703499868,627.4805629641377,1292.0665321977606,637.551055867928,1375.148098654031,611.2958422259032,1411.8334656606958,590.7951959574729,1745.3077715980235,117.0918530508988,1752.8940191940783,148.89573720358928,1770.1089656620481,181.28317886366855,1764.27339058816,214.54595678483105
labeled-data,LD23_all,img028963.png,1358.408650606847,312.3918221253904,1346.0493888982746,336.0356271330939,1373.9920675437425,344.63337440862244,1328.8538943472176,365.0530241880028,1304.6727301347935,396.7572172665143,1372.9173491343013,381.71115953433934,1392.2622805042406,393.5330620381911,1358.9460098115674,374.18813066825186,1339.6010784416283,437.59651682527493,1318.6440694575274,534.8585328796917,1313.270477410322,583.2208613045399,1705.3992012809904,139.46277324561055,1706.3523452097254,146.84963869330733,1706.8289171740928,155.18964806973912,1711.1180648534007,156.1427919984742
labeled-data,LD23_all,img029743.png,1259.4874893780632,889.4033704346568,1271.0419280243618,854.312112323676,1235.9506699133808,857.735649700357,1261.627200238489,824.3561602777168,1288.159614907767,806.8105312222265,1219.688867374146,837.6223676123559,1180.746129714399,832.0591193752491,1242.369802494658,820.9326229010358,1208.9903130720177,766.1560248741389,1132.8166064408642,712.6632533634975,1090.0223892323509,703.2485255776246,1594.1325709684704,225.09302928399964,1601.3249172470375,260.06271291427447,1617.1976814480133,299.7446234167139,1650.1832695531662,330.74611599674483
labeled-data,LD23_all,img030249.png,1461.5125879230447,591.101854071618,1496.149157476185,590.472098261561,1471.5886808839582,571.5794239598481,1529.526215409211,562.7628426190487,1559.754494291952,562.7628426190487,1480.4052622247577,533.1643195463652,1458.9935646828162,509.23359876419545,1513.7823201577837,556.4652845184777,1568.5710756327512,507.34433133402416,1629.0276333982324,464.5209362501416,1681.9271214430287,456.9638665294564,1802.8402369739913,369.4278089315199,1775.130981331479,339.19953004877925,1770.0929348510222,298.26540239506795,1773.8714697113649,256.7015189312996
labeled-data,LD23_all,img031405.png,1228.5656840071558,736.6717818133186,1231.7144630574412,773.1076536809078,1250.6071373591542,753.7651538005828,,,1287.0430092267434,828.8860254288222,1286.1433580695189,744.7686422283384,1319.4304508868227,719.5784098260547,1292.4409161700898,805.4950953409871,1383.755508628369,825.2874207999245,1440.4335315335077,796.9484093473551,1470.5718453005259,785.2529443034375,1509.2568450611761,883.3149204408999,1513.305275268686,838.3323625796786,1528.5993449415012,792.8999791398452,1543.4435890357042,758.7132351653171
labeled-data,LD23_all,img031608.png,1185.1563184309596,683.211581262658,1204.1104247177364,708.8553721212384,1202.9954772891026,680.9816864053901,1250.3807430060447,709.9703195498723,1258.742848720799,737.8440052657206,1240.3462161483392,664.8149486901981,1267.1049544355535,657.5677904040775,1242.5761110056071,696.0334766919482,1326.1971681531518,697.705897834899,1401.4561195859424,710.5277932641893,1437.134437302228,731.154320693917,1723.6759264611483,657.5677904040775,1705.8367676030055,629.6941046882292,1694.687293316666,601.2629452580641,1716.428768175028,595.6882081148943
labeled-data,LD23_all,img031875.png,1165.7494032592601,756.0544985318616,1182.030657715408,780.4763802160835,1180.8246388668044,750.9289184252964,1231.1759257960027,785.3004556104977,1245.0451425549436,819.671992795699,1221.2262702950234,737.3612063785065,1232.3819446446064,702.0851550568525,1224.8443268408341,774.4462859730658,1307.4566179701776,771.4312388515568,1384.038814856503,761.4815833505775,1427.15398869408,759.3710503655213,1636.1666388733897,800.5603871691306,1648.9416853059765,776.7366519299823,1675.5275927467653,747.043300762348,1676.2181357971754,691.7998567295401
labeled-data,LD23_all,img032242.png,1417.5958285516149,654.9503884785893,1444.5221445383806,637.3658555892729,1414.8482452876594,628.0240724918235,1455.5124775942033,592.3054900603998,1481.3397602753867,588.4588734908618,1408.2540454541659,590.6569401020264,1388.471445953685,574.1714405182923,1449.467794413501,576.3695071294569,1466.502810650026,511.526542100103,1495.6271932479563,449.9806769874959,1536.2914255545002,426.3514609174771,1599.4858406254807,544.497541267571,1558.8216083189368,546.1460912259445,1530.2467423737978,521.9673585031346,1534.642875596127,477.4565096270526
labeled-data,LD23_all,img033569.png,1316.7991925174963,829.7238194902635,1345.2549154715434,848.9228614833555,1346.969115649498,817.38157820899,1379.8817590662272,848.9228614833555,1388.1099199204095,873.9501840814934,1370.6250781052722,798.8682162870798,1378.5103989238635,778.2978141516242,1384.6815195645004,836.5806202020821,1468.334488248687,824.9240589919905,1540.330895722782,783.440414685488,1566.0438983921017,766.6412529415325,1803.1781581060925,367.15431751252527,1803.9124679695567,326.76727502199094,1801.3423834474318,277.5685141698855,1782.250326997361,237.91578154281547
labeled-data,LD23_all,img034232.png,1102.3496756367529,947.1449268970114,1136.721212821954,931.3159295090898,1110.942559933053,912.3211326435838,1157.9772950285917,899.6579347332465,1185.5649761903978,899.2056776650202,1111.3948170012795,879.7586237312879,1102.3496756367529,854.8844849788396,1153.002467278102,884.7334514817776,1186.0172332586242,824.1310043394491,1238.0267961046525,763.5285571971206,1272.85059035808,752.6743875596885,1725.4777860121978,125.50145166008673,1742.5419801240926,151.3919530712372,1744.8956620705608,179.04771594223882,1733.4214625815282,203.76137638015518
labeled-data,LD23_all,img034264.png,974.5019529420645,839.493885168344,991.181971694928,872.5135141280945,1006.1599477179077,845.2808304499497,1022.1591493788178,893.2784354326799,1030.3289544822612,914.383765283242,1035.0946741259365,849.7061415476483,1070.1567543615479,823.8350920534108,1042.5836621374262,881.0237277775148,1109.9845542408345,913.3625396453116,1187.5977027235472,894.6400696165871,1218.5748804074367,867.0669773924656,1739.5738802040528,124.66963906309635,1756.0496538293303,142.9106741482251,1771.6427967246823,170.86064726253525,1783.7054167003319,183.80589796811051
labeled-data,LD23_all,img034334.png,1200.5280617709805,695.0650068727573,1185.734878958674,682.1683859594644,1186.4935037182795,709.478877305261,1143.2518924207682,672.3062640845935,1127.7000848488562,633.9957137245177,1140.9760181419517,716.6858125215128,1117.8379629739852,739.4445553096767,1148.1829533582036,701.8926297092064,1079.1481002341068,708.7202525456555,1000.6304376149416,733.7548696126357,976.7337576873696,773.5826694919224,1713.6902465353178,134.74213341938093,1725.361396683094,135.61746968046415,1734.1147592939262,135.32569092676974,1740.2421131215087,133.5750184046033
labeled-data,LD23_all,img034363.png,1284.5716820867856,730.266800501596,1265.445584782117,713.4895221641675,1257.3924911801514,745.0308054385331,1239.2730305757286,688.6591502247734,1246.3194874774485,657.1178669504079,1218.1336598705689,731.2734372018417,1187.2634677297006,750.3995345065102,1218.4692054373174,715.8383411314076,1156.0577300220834,696.712243826739,1079.5533408034098,684.2970578570421,1030.2281424913701,704.4297918619561,1727.9411877117584,127.35128032871702,1705.0268295882909,144.23554420916676,1686.6350421470868,166.84839762048338,1702.011782466782,188.55673689534734
labeled-data,LD23_all,img034681.png,1556.9481528657261,812.7342234797301,1580.3706923185446,781.9150926207582,1550.7843266939317,783.5587795999033,1579.9597705737583,739.5901529077703,1590.6437359382019,721.5095961371734,1539.2785178399156,756.0270226992219,1517.9105871110285,762.1908488710162,1563.1119790375205,733.0154049911896,1538.0457526055566,681.6501868929031,1482.160395314621,637.68156020077,1434.082551174625,636.0378732216247,1713.1198993110022,137.59135294920674,1721.216759726022,175.9164922469672,1712.5801086166675,212.62225946172373,1688.289527371608,236.64294535961585
labeled-data,LD23_all,img035023.png,1421.7393141983548,911.7876151924536,1458.3210754427912,918.2432201179424,1445.4098655918135,893.7119214010851,,,,,1460.4729437512874,864.8768860672352,1457.4603281193927,836.4722243950846,1488.0168581000396,888.9778111223933,1549.5602917230326,836.9025980567839,1597.3317681716494,775.3591644337907,1623.1541878736045,745.6633817765425,1723.1852341461185,190.91158595683024,1733.3537237123685,229.19295844153658,1744.1203597236922,265.0817451459488,1754.2888492899424,313.53160719690527
labeled-data,LD23_all,img036442.png,1396.4888574455638,806.5006135560106,1434.0553719837187,805.4988398349932,1414.520784423878,786.9660259961701,,,,,1421.5332004710003,752.9057194815762,1420.531426749983,725.3569421535958,1461.1032624511904,768.4332121573468,1505.6821930364677,712.8347706408774,1557.774426529376,662.7460845900041,1595.3409410675308,648.2203656352508,1734.2677291685295,120.23051710438946,1728.2279089670553,126.2703373058637,1722.635482854579,132.75755159633604,1712.121721763124,135.4419161303246
labeled-data,LD23_all,img039018.png,1280.2993980036965,795.9992530615874,1302.4745832844715,759.964576980328,1275.6795677368684,763.6604411937906,1303.398549337837,726.7017990591655,1331.5795139654886,714.6902403654124,1254.8903315361417,735.4794765661389,1236.4110104688293,717.9241215521921,1282.6093131371106,712.8423082586812,1268.7498223366263,656.4803790033781,1226.7093669084902,578.4052474939826,1192.0606399072794,544.6804865461374,1791.5502605113174,96.70799479863828,1791.1028664223193,108.34024111258867,1792.2213516448144,121.31466969353336,1793.1161398228107,138.76303916445897
labeled-data,LD23_all,img040968.png,1325.5325269483772,759.4027083602971,1355.3717674928587,745.2417128476618,1330.0842755060098,736.6439655721333,1373.5787617233896,712.3679732647586,1388.7512569154987,710.8507237455476,1323.5095275894291,696.6897282329123,1304.7967835191612,680.5057333613292,1364.4752646081242,700.7357269508082,1366.498263967072,641.5629957015822,1338.1762729418015,551.539524228401,1317.4405295125855,508.5507878507581,1459.172316857543,802.1683798807405,1474.0530332959577,829.6563699683678,1501.334346766385,856.9376834387949,1532.1291627292155,833.789902312372
labeled-data,LD23_all,img041340.png,1312.7180028504154,883.5885116522808,1342.5888527598804,859.4073474398567,1316.985267123196,850.8728188942953,1357.7613479519896,812.4674404392688,1380.5200907401534,795.8725238228993,1301.3386314563334,822.8985308838439,1265.303955375074,829.5364975303917,1344.0112741841406,801.5622095199403,1352.545802729702,743.2429311252705,1370.0890002955784,672.1218599122585,1401.856412104057,645.5699933260674,1690.007954694257,133.27288150515267,1703.1379986105053,167.4109956873984,1719.1858300636977,199.50665859378327,1735.2336615168902,220.22295010608622
labeled-data,LD23_all,img042232.png,1219.3603816374919,886.4901540981871,1228.9088413521413,854.6619550493554,1205.7197249022784,853.7525779336745,1243.0041866451954,822.8337560005237,1243.0041866451954,797.8258853192989,1202.0822164395547,826.4712644632474,1173.8915258534466,837.3837898514182,1213.449430385566,801.008705224182,1190.7150024935434,737.8069956843592,1138.8805068997317,699.1584682679206,1094.3210282313676,704.6147309620062,1666.9536983843514,128.13436587384047,1707.3942336463963,140.89239187912847,1745.6683116622603,161.35337698194883,1771.4250811446343,182.77723197196076
labeled-data,LD23_all,img044538.png,1264.47216466149,777.696798548806,1246.430511724719,749.7832977787076,1235.877846799438,777.3563900028291,1223.623139144273,730.0396021120526,1208.98557166727,693.2754791465572,1203.5390349316413,767.1441336235249,1188.9014674546384,787.2282378361566,1196.0500469201513,739.9114499453801,1128.3087462707663,718.806120094818,1062.950305443219,716.0828517270035,1022.7820970179555,746.3792123189395,1700.329088315502,108.25956428719226,1718.915394925836,121.94398783545998,1737.7059466637559,131.7477539595921,1756.7007435292617,144.81944212510155
labeled-data,LD23_all,img046877.png,1511.5837648172067,905.9094890503184,1515.4474018140436,875.5523412180294,1484.5383058393493,886.0393559237292,1506.6162315355593,840.7796082464984,1517.1032462412593,813.7341492686407,1469.083757852002,863.4094820851137,1438.1746618773077,853.4744155218192,1485.6422021241597,836.3640231072563,1469.083757852002,765.7146608793836,1465.7720689975704,695.065298651511,1468.531809709597,650.9094472590905,1625.911059427886,110.85099728812915,1638.7493245904398,135.36041259845942,1654.5053772899378,160.4533854161785,1664.1340761618533,178.2518893915374
labeled-data,LD23_all,img047458.png,1497.4169653388626,925.4465567295656,1535.299573526853,909.9944402318326,1514.3644479492793,895.5392344758889,1561.7177081842676,881.0840287199451,1580.1605569073683,874.604108898315,1512.3706264657008,863.139635367739,1486.9494025500755,844.6967866446382,1555.7362437335323,858.6535370296874,1574.179092456633,803.3249908603852,1562.7146189260568,718.0891224374064,1543.7733148320615,685.6895233292565,1822.5855629544326,118.7981265727114,1835.307116615509,155.10756098036634,1833.4518900399353,194.59738380329037,1807.7437503498438,218.98036165368637
labeled-data,LD23_all,img047563.png,1578.029424342301,758.0079572878456,1567.0998785268314,722.0462258950098,1547.003616866129,742.847619543807,1560.4011246399305,692.7832483890747,1587.1961401875337,659.2894789545709,1527.6124871935215,721.3410939069149,1500.1123396578237,727.6872817997684,1522.6765632768577,695.9563423355015,1471.5544941399835,657.8792149783812,1403.8618232828808,642.0137452462478,1368.9577898721873,670.2190247700406,1826.797063444403,105.53123842098043,1785.6173553396654,122.45440613525608,1754.5915478634934,149.2494216828592,1768.6941876253898,191.8393937637863
labeled-data,LD23_all,img048704.png,1346.836215290169,880.8485146359213,1366.3464879538685,909.61789975019,1381.5578869798037,886.4701186237669,1395.7772382431779,929.1281724138894,1402.7215725811047,942.3554759147025,1410.6579546815926,884.8167056861653,1433.144370632975,883.8246579236043,1422.8932104198448,921.5224729009218,1489.6910930989513,925.4906639511657,1553.5128324903749,885.478070861206,1568.3935489287896,847.1188907088479,1810.3328187271309,106.60226096620795,1800.9958986089098,129.71113825880508,1791.4255554877332,149.78551651298034,1785.589980413845,177.56285386468798
labeled-data,LD23_all,img049479.png,1428.8703978803492,751.9135744594305,1466.5293090238408,751.4856322873454,1446.8439691079247,732.2282345435144,,,,,1449.8395643125207,693.2854968837676,1437.857183494137,662.473660493638,1500.3367406185662,712.1149524555133,1538.423593934143,654.3427592240205,1563.2442399150805,591.4352599275062,1605.1825727794235,565.3307874303132,1784.1699430651513,108.62754592539312,1768.6813542232064,127.43511809061184,1752.3077031617217,142.48117582278684,1737.4829109844318,151.11053246329897
labeled-data,LD23_all,img050254.png,1272.1396750719382,726.4466871688521,1294.6212280440923,756.0962715234322,1309.2831104172362,730.030702860065,1318.0802398411226,770.7581538965762,1318.406059449415,808.2274088501664,1336.0003182971875,729.0532440351888,1370.2113771678569,716.3462793117974,1345.1232673293662,761.9610244726897,1412.2421066375364,788.0265931360569,1478.0576675125383,815.3954402325924,1515.2011028578363,843.7417461540041,1741.8676915817523,108.04209185610529,1776.144400672003,133.36362469755167,1803.627527780402,165.4787395208495,1794.0547531696113,210.872219126857
labeled-data,LD23_all,img050977.png,1325.727106904747,807.6004735680617,1345.8695668681175,841.5246166642648,1360.7113794727063,823.5024156444069,,,,,1391.4551341536405,820.3220272291378,1410.5374646452547,804.9501498886709,1389.864939946006,861.6670766276354,1466.194261912463,888.7003781574224,1536.6928717842602,857.9566234764883,1559.4856554270218,839.4043577207522,1481.036074517052,672.9640306550054,1468.844585591854,718.5495979405285,1463.5439382330721,758.3044531313915,1468.844585591854,800.1795672657672
labeled-data,LD23_all,img053066.png,1573.853498976875,780.54363521881,1594.9928696820348,746.8213057605788,1568.8203154756466,746.317987410456,1601.536008233632,713.0989763023476,1627.2052440898974,698.5027441487848,1552.2108099215923,718.635478153699,1532.0780759166782,704.0392460001362,1584.423184329455,699.0060624989077,1573.3501806267523,634.5813136831824,1526.0382557152038,569.1499281672114,1496.8457914080784,543.9840106610689,1193.6750651246632,101.87281914757523,1223.1884860608527,117.74558334855101,1254.1899786408835,128.65810873672189,1290.6477339149997,133.1223236682463
labeled-data,LD23_all,img053478.png,1477.8068131605391,652.240930971783,1525.1746623332122,664.7679654637295,1520.477024398732,634.624788717483,1545.9225632104985,665.9423749473494,1551.4031408007252,689.8220344476226,1531.4381795791853,620.1404050861698,1515.7793864642522,589.60575851205,1585.0695459978317,642.0627154470762,1651.2279469084247,610.7451292172099,1675.499076236571,558.2881722821835,1690.766399523631,526.5791162244437,1802.0806177351335,109.05548809747825,1786.7427812492642,151.03272479564706,1772.6158265912266,185.74467052682513,1765.7541629001798,231.3545527084893
labeled-data,LD23_all,img054031.png,1456.1497685905747,678.8433725419476,1426.913537470395,677.2191374797153,1436.6589478437882,704.0190160065467,1396.4591300535412,674.376726120809,1380.216779431219,641.0799073450488,1397.2712475846574,720.2613666288688,1382.6531320245674,745.0309513279099,1387.5258372112642,707.6735448965692,1327.8351986742305,736.0976584856328,1266.926383840523,786.042886649273,1267.332442606081,829.4911745639845,1715.0383373220739,103.46403458084777,1743.3895062227139,127.80324561818964,1770.9382835506945,130.74534805127493,1784.578940285908,137.69940834765833
labeled-data,LD23_all,img054112.png,1404.5725294609163,874.8235751508854,1444.8379974707445,894.9563091557995,1438.1270861357732,870.3496342609044,,,,,1453.3384851617084,839.032048031038,1451.996302894714,817.1097376701315,1498.9726822395137,875.7183633288815,1556.2391256312694,816.6623435811334,1545.9490615843133,749.5532302314195,1543.7120911393229,693.18157501766,1491.5596138439903,411.66511775881486,1490.6332163010106,368.12443323876687,1498.6619950068352,332.61252742454326,1505.4555769886865,296.79182242932643
labeled-data,LD23_all,img055659.png,1319.1439696155612,818.3117250505253,1326.696839293404,855.3207864719548,1348.222517875256,838.3268296968087,1344.4460830363346,881.3781868605124,1332.3614915517862,905.5473698296091,1375.0352052315977,849.6561342135727,1401.8478925879394,838.3268296968087,1370.8811269087842,881.7558303444046,1425.6394320731442,925.1848309920003,1498.1469809804346,927.8283353792453,1528.7361031756977,912.7225960235598,1770.0347480888113,100.14475947882018,1792.3558227464337,131.0003626820038,1805.9235347932236,150.25776042583476,1816.865238056764,141.06672968446088
labeled-data,LD23_all,img055931.png,1442.2364883768466,577.2060368162986,1480.680770665699,588.6996882222442,1480.2844378585974,559.371060496728,1504.8570718988947,590.2850194506505,1524.2773794468717,610.8943254199321,1505.2534047059962,548.6700747049855,1501.686409442082,517.7561157510629,1528.2407075178874,568.0903822529625,1597.2026159535608,579.9803664660096,1643.5735543844446,630.7109657750107,1645.1588856128508,674.703907363285,1764.697859377331,98.10595543738046,1773.10108748373,116.77979567382258,1788.9738516847058,134.75336690139812,1789.6741206935724,151.79324611715157
labeled-data,LD23_all,img056208.png,1325.3536203740596,732.3699417582254,1327.4690163383439,770.8701483082025,1351.5845303311867,753.100822208213,1343.5460256669057,801.7549293867555,1345.6614216311903,825.4473641867415,1376.1231235168866,772.1393858867732,1399.3924791240156,758.1777725224957,1363.8538269240366,801.7549293867555,1413.354092488293,855.4859868795808,1493.3160599382454,868.6014418581444,1518.277732316802,855.9090660724377,,,1766.8175408420605,122.10500107770696,1763.2772919639017,147.97605057194446,1756.4691210443655,182.83388567996974
labeled-data,LD23_all,img056585.png,1507.3790968130518,933.9014296753684,1514.5228132993366,905.3265637302293,1478.2547142151216,905.8760803830205,1506.2800635074695,872.3555645627612,1541.449129286102,851.4739317566981,1465.0663145481344,886.6429975353308,1426.600148852755,897.0838139383623,1488.695530618153,870.1574979515967,1457.9225980618496,792.1261332552556,1445.2837150476535,721.2384850451991,1445.2837150476535,689.3665191833134,1049.1563883762656,107.46531794583798,1084.7627740003816,128.91007292399865,1127.8545929659308,140.03706843153486,1154.5593821840177,124.25696571175627
labeled-data,LD23_all,img057355.png,1418.6383151347313,784.5102214859086,1454.8042916551533,774.7356332371459,1436.2325739825042,756.6526449769349,1476.308385802431,745.4118684908578,1498.7899387745854,755.1864567396206,1428.4129033834943,719.9979390440749,1420.593232784484,700.9374919589877,1479.7294916894982,720.9753978689512,1511.0081740855387,657.9293036644319,1533.0009976452548,594.3944800474746,1558.9036565044757,568.9805506006917,1801.6723292935994,122.02972215925385,1795.1364852108447,150.35171318452436,1782.68725838655,173.07155213886227,1760.2786501028195,198.59246712866647
labeled-data,LD23_all,img057563.png,1379.2787241112842,737.1657632433235,1413.5140978780948,736.7767249050643,1394.8402576416527,720.4371146981774,1437.2454365119065,707.5988495356235,1462.9219668370147,717.7138463303629,1397.5635260094673,691.2592393287366,1396.7854493329487,664.026555650592,1432.1879381145368,693.5934693582919,1474.2040786465318,631.3473352368183,1522.0557942524147,574.9367761892327,1554.345976327929,568.7121627770853,1759.0266104502898,107.58701425992649,1778.575786947815,132.67998707764556,1793.4565033862298,157.48118114167025,1809.2125560857278,165.9427649988081
labeled-data,LD23_all,img059086.png,1355.2850678676875,790.5844715803188,1386.1552600085558,820.559875543191,1391.971383165531,789.6896834023227,1419.7098166834128,826.3759987001662,1431.7894570863614,856.3514026630384,1410.3145408144528,770.4517375754046,1424.1837575733937,735.1076045445554,1436.7107920653402,814.7437523862159,1530.6635507549397,804.0062942502616,1575.850353743747,751.6611858374848,1600.457028638642,722.1331759636107,1524.4000335089663,794.1636242923036,1520.3734867079836,756.5825208164638,1523.5052453309702,722.5805700526088,1539.6114325349015,692.1577720007385
labeled-data,LD23_all,img059440.png,1225.9030509115935,914.8695282783509,1269.271099669039,900.7085327657156,1248.029606400086,883.0072883749216,,,,,1248.9146686196257,853.8002351301113,1221.477739813895,826.8058374341504,1302.4609329017778,858.2255462278099,1340.518608341985,790.5182864330225,1368.3980682574859,733.8743043824815,1395.8349970632166,704.2247200279014,1690.7970302140448,150.64918162391575,1698.3395109970452,194.18986614396377,1708.6247120647731,232.58795013014785,1713.424472563046,280.242715077287
labeled-data,LD23_all,img059519.png,1145.696976493321,706.3332105616817,1122.3449502393119,711.5755021697246,1135.2123932772354,736.8338162812038,1086.1254809473794,722.0600853858102,1071.3517500519858,696.3251993099634,1106.6180754151833,761.6155584283156,1118.5323745243718,806.4133230788636,1091.3677725554223,751.1309752122297,1038.468284510626,798.788171648983,1017.4991180784547,873.6099700546857,1037.0385686175237,917.4545907764988,1737.844742169654,119.28632105743446,1763.0544264888508,152.54909897859696,1795.96706990558,185.81187689975945,1812.773526118378,225.0269413962879
labeled-data,LD23_all,img060648.png,1411.0308260454078,918.561210329677,1451.9527962510485,915.8330789826343,1437.8574509579944,892.6439625327712,1485.599749531242,900.8283565738993,1505.606046076222,914.9237018669535,1446.0418449991225,868.0907804093868,1425.5808598963022,849.9032380957688,1490.1466351096465,878.5486172397173,1536.5248680093725,830.3516301086293,1560.1686730170761,759.8749036433592,1563.3514929219593,710.3138508387499,1776.325958785745,96.44821444826582,1813.411038380304,122.98062911754397,1835.1193776551681,154.9401286055381,1821.551665608378,202.5778731253784
labeled-data,LD23_all,img061006.png,1376.5982633338713,851.0415642735153,1412.3411606614363,860.5730035608659,1404.7160092315557,834.3615455206516,1451.420061739574,849.6118483804127,1464.2875047774974,852.9478521309854,1419.4897401269493,806.7203715873347,1419.966312091317,778.6026256896503,1448.0840579890012,838.1741212355919,1504.31954978437,802.9077958723944,1563.8910453303117,740.0002965758802,1582.4773519406456,700.9213954977424,1838.441507326003,112.70223622073567,1808.1111058794693,129.55245924658772,1767.6705706174243,141.9092894655459,1745.5780559835293,160.6317594942704
labeled-data,LD23_all,img061317.png,1473.0207601849659,877.0322916865598,1511.1902841474225,863.6323524231441,1489.2631108072878,851.8566482219607,1536.7719863775799,845.76576673859,1552.2022194687856,855.9172358775412,1492.105522166194,812.8750067283877,1503.4751676018195,790.1357158571369,1530.681104894209,826.6810047573615,1573.7233340433625,770.6448951103505,1614.7352693647256,709.3300215110847,1641.941206657115,678.4695553286729,1790.0953908581569,121.21118549555644,1773.814136402009,106.76813718768324,1746.2410441778873,113.07055826748245,1731.2727941133642,126.72580394038073
labeled-data,LD23_all,img062556.png,1359.3080294372344,927.3584856429403,1387.4257753349189,907.8482129792409,1360.4556925350992,899.2407397452558,1400.0500694114303,882.5996248262181,1433.9061307984382,885.4687825708797,1351.2743877521818,876.2874777879624,1333.4856097352795,857.9248682221277,1389.7211015306484,860.220194417857,1413.8220265858063,783.326766860924,1444.8089302281523,720.7791280272994,1462.597708245055,690.3660559338856,1283.7563209485243,137.33560887159362,1320.6225664778126,150.08634040803926,1365.527316671382,146.4828727999133,1408.7689279688934,138.44436813563237
labeled-data,LD23_all,img062798.png,1529.9794827613723,690.8223979046636,1519.9349991654422,719.8397949595726,,,1474.1767961173168,704.5870606101973,1458.552043856981,677.4297531100904,,,,,1484.593297624207,776.0144995145885,1404.6094467677276,806.5199682133389,1322.0214705345252,787.9190726653203,1290.3999481028939,788.6631084872411,1816.1744992714403,99.0460665817838,1820.0259788202063,139.1656452147649,1811.0391932064185,170.61939486302208,1770.9196145734375,197.25879507532153
labeled-data,LD23_all,img063994.png,1501.9878886235922,446.2764484497608,1508.4945548309774,490.19644534961157,1529.098997821031,482.06311259037994,1500.361222071746,511.88533270756255,1480.84122344959,533.0319978815647,,,,,1535.6056640284162,528.6942204099746,1563.8012175937524,601.3519930591103,1573.5612169048304,655.5742114539879,1576.8145500085232,695.1564308822484,1548.618996443187,471.2186689114044,1586.0323271356524,485.31644569407257,1609.8901032293984,514.5964436273064,1630.4945462194519,548.2142190321305
labeled-data,LD23_all,img064034.png,1396.0272853406254,408.06515149573323,1421.8351161048959,435.6528326575395,1437.8537696827188,411.624852290805,1439.6336200802548,449.8916358378266,1427.1746672975034,481.48398039408863,1459.2119744531494,414.7395904864928,1482.350029621116,411.179889691421,1473.8957402328206,445.88697244337084,1541.5300553391844,480.59405519532066,1589.1410534732693,533.9895671213974,1604.2697818523243,557.5725848887479,1529.5160651558172,457.01103742797017,1559.3285593145433,455.2311870304343,1578.01698848867,460.12577562365794,1600.2651184578685,465.9102894156496
labeled-data,LD23_all,img064267.png,1466.585943279933,661.3708340642577,1504.9888902453454,683.1083512144911,1508.6118097703843,654.4872869666838,1533.9722464456565,689.2673144070573,1544.4787130682694,717.8883786548646,,,,,1569.8391497435416,673.68876044939,1643.0221241493275,658.1102064917227,1687.9463262598097,626.2285146713804,1716.5673905076171,611.012252666217,1517.6691085829816,633.4743537214582,1556.7966394534017,621.8810112413337,1600.6339657063722,601.9549538536198,1640.848372434304,605.2155814261548
labeled-data,LD23_all,img065325.png,1362.090578737586,110.5705979058286,1363.9287848858608,138.6032416670189,1391.0423255729136,124.35714401788942,1368.064748719479,169.3931946506213,1335.8961411246705,185.93704998509423,1416.7772116487604,160.20216390924747,1435.1592731315081,165.71678235407177,1401.6120109254935,167.55498850234653,1436.997479279783,230.97310061782613,1501.7942460064685,308.1777588453665,1541.315678194376,326.10026879104555,1461.3537107444236,197.88538994888023,1487.0885968202704,196.96628687474288,1502.713349080606,193.28987457819335,1512.8234828961172,185.01794691095688
labeled-data,LD23_all,img065703.png,1536.7752798302622,535.6760483177511,1559.1984770516776,501.6546456369831,1532.9092113438114,500.8814319396929,1563.8377592354186,476.9118073236973,1582.394887970383,466.860029258925,1516.6717237007176,473.8189525345366,1495.0217401765926,471.49931144266606,1554.5591948679366,438.2511224591883,1553.7859811706462,379.4868814651345,1565.384186629999,307.57800761714765,1587.0341701541242,281.2887419092815,1600.1788030080572,103.4495915325399,1596.3127345216062,123.5531476620846,1594.7663071270258,141.3370626997587,1607.910939980959,148.2959859753704
labeled-data,LD23_all,img066480.png,1482.0923549407494,709.085219136735,1518.496617443355,724.4133296641479,1515.1435932654833,692.7991017013587,1548.6738350441992,719.1442916703497,1563.0439386636488,748.8425058172122,1535.2617383327129,670.7649428182027,1537.6567556026212,646.3357666651384,1563.0439386636488,699.5051500571019,1625.3143876812637,676.9919877199642,1680.8787883431355,626.6966250518906,1706.7449748581446,588.3763487333583,1780.2141574749185,99.48738194674667,1806.693079372686,131.55629846737622,1810.8120227790055,176.86467593688954,1777.5662652851418,190.69255737239035
labeled-data,LD23_all,img066658.png,1435.3261087490216,539.6357611197902,1473.0529925068968,556.315014991693,1473.847242691273,524.147882524452,1509.1913758960195,554.7265146229404,1530.239005781992,574.1856441401603,1490.526496563176,504.29162791504393,1497.6747482225628,472.91874563217925,1517.531002831971,542.0185116729192,1592.5876452555333,519.3823814181941,1657.7161603743916,499.92325190097415,1693.4574186713262,497.93762644003334,1813.0479258000555,145.16495679926794,1793.8756301927187,159.02444759975234,1773.3173855053335,169.41906570011562,1755.3000474647038,177.50376866706483
labeled-data,LD23_all,img067181.png,1372.6962477049656,930.9030625726123,1413.5233898156557,937.0036700144395,1398.50650995885,914.009072733706,1443.0878720337414,922.4560676531592,1462.3282493502736,938.411502501015,1406.9535048783032,874.5897631095916,1386.7745725707207,864.2656582080377,1448.7192019800436,903.2156903366271,1512.0716638759418,857.2264957751602,1547.736753535855,794.8125888703121,1560.4072459150348,743.6613418580683,1577.4616605757012,414.77834843094195,1591.291973500816,369.4456560652874,1595.1337270911258,327.95471728994255,1597.8229546043426,283.006200283319
labeled-data,LD23_all,img067192.png,1426.3330509343887,944.3233777189944,1435.2079880259269,926.5735035359179,1405.3881993983584,929.7684808888716,1434.8529905422654,888.5887727841342,1460.767806849557,890.0087627187803,1397.933252241466,889.2987677514573,1382.6683604440204,897.818707359334,1416.3931213918659,886.4587878821651,1445.1479175684497,835.6941477185663,1505.4974897909096,780.6695377510292,1553.4221500852161,792.7394521955212,1549.154423829409,418.1870050911846,1582.9813073410476,391.91719130023137,1598.4553072453077,350.53323806790786,1604.213074651544,309.14928483558435
labeled-data,LD23_all,img069634.png,1536.171102075201,740.9698287446143,1558.9444338010494,706.8098311558416,1527.4955471320204,705.725386787944,1558.4022116171006,674.8187223028639,1583.3444320787444,663.9742786238884,1512.3133259814547,680.2409441423516,1498.7577713827354,649.3342796572714,1546.4733235702276,647.1653909214763,1526.9533249480717,581.5565066636746,1473.8155509210917,525.7076217169508,1442.3666642520627,505.10317872689734,1756.4168136240417,122.06930681017175,1754.7536747279837,139.25507540277235,1756.4168136240417,158.1039828914311,1751.9817765678868,177.23008019609952
labeled-data,LD23_all,img069832.png,1207.8159181773353,377.5068708425643,1246.4182472911054,399.5653446218615,1255.0840762758294,375.9312655726145,,,,,1268.0828197529152,361.7508181430662,1282.2632671824636,336.5411338238694,1308.6546554541228,399.17144330437407,1384.2837084117132,412.17018678145996,1439.0359915424688,411.7762854639725,1482.3651364660884,411.7762854639725,1459.8739864044273,86.64707433291687,1419.0979055756338,101.81956952502608,1367.8907343022652,113.83112821877921,1319.8444995272528,129.95190436039528
labeled-data,LD23_all,img070327.png,1376.0992778982406,653.0400157185672,1391.843173149668,679.1298992780755,1410.2860218727687,661.5867017121992,1408.9365451369322,706.1194339948082,1402.189161457749,746.1539104912952,1435.4762542750527,676.8807713850144,1462.9156145703976,666.9846086555458,1438.625033325338,706.1194339948082,1487.206195815457,756.0500732207638,1540.285614091698,811.3786193900659,1560.5277651292477,841.0671075784719,1842.457256489481,117.69204194724821,1813.918862888554,147.40727652140956,1772.141008338743,145.05359457494131,1752.4289220370715,101.51047856527919
labeled-data,LD23_all,img070517.png,1431.1527277640907,579.6061115846042,1439.4684222443816,613.9776487698055,1458.3173297330402,601.7812968653792,1441.685940772459,638.9247322106773,1424.5001721798583,668.3068527077041,1475.5030983256408,628.3915192023092,1501.0045613985321,623.9564821461543,1469.9593020054472,645.5772877949098,1497.1239039743964,708.2221862130991,1540.9198949039271,775.856501319463,1567.5301172408572,797.4773069682185,1448.6723240760277,118.47605145842508,1490.7759982341308,126.5729118734449,1534.2291491280703,126.84280722061223,1580.921044188018,131.97081881679145
labeled-data,LD23_all,img070875.png,1460.3050554721563,458.66756267227794,1499.5979276363364,450.31782733738964,1482.89845696656,430.67139125529945,1519.7355246204788,437.547643884031,1532.9968689758896,463.08801079074817,1486.3365832809257,398.2547717198508,1491.2481923014482,376.64369202955163,1535.4526734861508,406.6045070547391,1588.4980509077943,366.8204739885066,1644.9815546438035,351.10332512283446,1679.8539786895135,373.20556571518586,1586.0662816723689,132.46815570246352,1629.789327913476,141.64459750615265,1660.2875021433838,157.56842298902498,1679.989862486599,169.17392291722007
labeled-data,LD23_all,img070914.png,1630.6770562613774,602.573378922075,1634.7814107300119,572.8168090244736,1609.6422396096245,586.6690053561157,1617.3379042383146,535.3645744981823,1625.0335688670048,502.5297387491049,1583.4769798720786,570.251587481577,1550.6421441230013,581.5385622703224,1603.4857079066726,544.086327744031,1568.598694923278,484.57318794882826,1517.2942640653446,411.2078518219835,1499.8507575736471,379.91214899864417,1833.9569809459863,106.62696490068748,1828.8751676524753,141.50668341523982,1812.4747702052355,170.38062258291558,1769.5103487237338,172.69053771632966
labeled-data,LD23_all,img071600.png,1400.112666895801,731.9297935082773,1430.0394410663907,757.8956710974654,1439.281533089661,735.4505904695231,1462.6068129579148,775.4996559036947,1480.6508973843,800.5853342525714,1459.9662152369806,726.6485980664085,1479.7706981439885,691.44062845395,1478.4503992835212,764.9372650199572,1569.9911202759135,775.4996559036947,1616.6416800124211,739.4114870509247,1643.9278564620763,710.8050117408022,1837.8744061403222,129.68589939661058,1789.920567970646,129.40870958060088,1750.2824242812608,137.44721424488182,1703.991725007643,141.05068185300775
labeled-data,LD23_all,img073049.png,1495.788326848939,898.6129291268901,1523.937682111607,873.7752627186537,1496.8922231337494,868.8077294370064,1534.976644959712,836.7947371775016,1563.12600022238,814.1648633388861,1486.4052084280497,841.7622704591488,1462.1194901622184,831.2752557534491,1522.2818376843911,831.8272038958543,1529.4571635356594,752.8986195319028,1546.5675559502224,681.6973091616248,1548.223400377438,642.5089910508517,1716.4968824428613,132.27303810089987,1725.7116831668802,142.1307318986875,1726.1402785493926,152.63131877024387,1715.8539893690925,152.41702107898763
labeled-data,LD23_all,img074866.png,1399.1833819589046,885.2411465132061,1438.0872157848257,868.8285916178957,1421.674660889515,848.768802301405,1459.3627499083761,848.768802301405,1483.0697736460468,870.0443364249556,1414.988064450685,816.5515649143142,1411.3408300295048,798.3153928084137,1466.0493463472062,817.7673097213742,1496.4429665237071,751.5092177366023,1532.3074383319781,692.5455945941908,1557.230206876709,674.3094224882902,1757.9823379380516,198.81178749185997,1773.7529795752343,245.78816683665968,1778.4506175097144,284.0403614459966,1770.3975239077488,341.08310779325336
labeled-data,LD23_all,img079416.png,1393.2808412295537,717.3930842204683,1427.7836788539175,729.4289578103626,1418.9573715546617,703.351231698925,1477.1307605724842,702.950035912595,1493.5797878120065,708.1655811348826,1424.975308349609,669.6507856472208,1416.149001050353,642.3694721767936,1462.687712264611,699.3392738356267,1524.8730591457318,657.6149120573264,1584.2500355225438,615.8905502790261,1625.974397300844,609.0702219114194,1759.9932515778726,95.94154064247545,1773.0138784614855,116.62135981056659,1786.8004245735463,136.27995334072733,1777.0987810132074,150.57711227175332
labeled-data,LD23_all,img081293.png,1175.026056432486,843.7216260290094,1192.131898487914,877.9333101398652,1206.6718642350277,853.5574852108804,,,,,1240.028256243112,861.255114135823,1265.687019326254,854.8404233650375,1236.1794417806407,890.3350456300504,1296.90518107741,933.0996507686202,1385.855559765635,935.6655270769344,1425.1989964931188,921.980853432592,1835.349036712201,182.67189984187712,1830.8434864572366,223.48688450449654,1794.7990844175206,232.2329526464864,1801.689925983937,182.14183510599892
labeled-data,LD23_all,img082283.png,1584.2292985633699,671.3692652468964,1555.0100878704889,678.5543170566211,1564.1111534961403,700.5884759397773,1525.3118737236264,675.6802963327312,1489.8656181289841,673.7642825168047,1536.3289531652044,720.227617553025,1534.4129393492778,744.6567937060893,1520.5218391838098,708.7315346574653,1459.2093970741585,735.0767246264562,1372.0307684494976,743.698786798126,1332.2734817690202,750.404835153869,1369.1567477256076,757.5898869635939,1358.6186717380115,777.7080320308232,1354.3076406521764,815.5493048953739,1378.7368168052408,842.3734983183465
labeled-data,LD23_all,img083815.png,1593.6256734656354,360.5423678048486,1605.4524389487156,405.9820457135244,1632.2182766209492,394.1552802304444,1587.4010600534882,426.52326997361075,1584.9112146886291,448.3094169161265,1640.9327353979556,426.52326997361075,1665.2087277053301,432.12542204454337,1637.8204286918817,450.7992622809855,1630.3508925973051,508.0657056727413,1592.3807507832062,568.4444557705708,1558.1453770163955,613.2616723380319,1809.2873450590237,107.2577419363825,1806.666199255002,152.9405688064703,1798.4283124423632,193.38110406851527,1772.965753203298,207.6101812903459
labeled-data,LD23_all,img086536.png,1319.7712083515592,906.4215607630524,1330.0418204816024,905.9936185909672,1333.0374156861983,877.3214930612634,1371.9801533459454,911.1289246559888,1398.9405101873085,918.8318837535212,,,1380.1110546155628,845.2258301548785,1367.2727894530087,871.3303026520716,1436.171479158715,843.514061466538,1520.0481448874007,818.6934154856003,1546.580559556679,792.1610008163223,1742.1077330994376,123.88747748402614,1775.8762608603372,151.62591100190784,1788.8409634828254,181.77638221699664,1770.750680753772,214.33889112929256
labeled-data,LD23_all,img087015.png,1396.7516759422087,877.1750201269085,1435.660372747358,861.7350610772461,1412.191634991871,850.0006921995026,1457.2763154168854,829.6199462539482,1475.8042662764803,829.0023478919618,1409.7212415439253,811.7095937563398,1405.3980530100198,793.181642896745,1449.8651350730474,811.7095937563398,1470.8634793805884,746.2441673857711,1485.0682417062778,669.044372137459,1493.0970204121022,633.2236671422422,1452.8807766937673,134.14865543436662,1453.9141597797682,144.8958395287773,1449.1605975841635,150.26943157598265,1434.693234380149,152.9562275995853
labeled-data,LD23_all,img089530.png,1443.118333735627,881.5711533492376,1477.329392606296,871.796565100475,1457.2914866963326,859.0896003770836,1503.2320514655173,841.9840709417489,1524.736145612795,838.0742356422438,1452.4041925719514,822.9236238566616,1432.855016074426,797.0209649974406,1495.9011102789452,825.8560003312905,1520.337580900852,770.1408473133432,1549.1726162347018,697.3201648600614,1573.1203574441704,652.357058915753,1147.4399247698593,127.88110646748046,1185.5519449378944,133.18010392399873,1224.8868106728185,132.97629632951725,1277.061554860075,131.34583557366548
labeled-data,LD23_all,img090953.png,1225.6570072617956,777.6626118048313,1188.2850118927704,744.5214083643748,1173.477240142779,777.3100458107839,1178.7657300534902,730.4187686024784,1199.5671237022873,702.2134890786856,1161.8425623392145,778.7203097869735,1155.1438084523138,805.1627593405292,1119.182077059478,740.9957484239007,1060.3035560535607,722.3097507393879,1003.1878650178803,731.4764665846207,975.6877174821823,751.2201622512756,1770.1307542404802,103.68243097798796,1795.865640316327,128.8045816710765,1805.6694064404592,159.13498311761026,1796.1720080077062,190.07811994690223
labeled-data,LD23_all,img091619.png,993.2213191742967,672.6759477655243,1029.5502054988647,646.1070607520343,1002.4390963014259,633.6359505212124,1048.5279819370717,636.8892836249051,1084.8568682616396,661.2892819025999,1013.2835399804014,606.5248413237737,988.8835417027065,579.4137321263349,1037.6835382580962,603.271508220081,1082.1457573418957,538.2048461462281,1143.9590863120561,485.06707211924817,1185.7101944761116,465.0048513131435,,,,,,,,
labeled-data,LD23_all,img092673.png,1505.2442282641928,939.6838037564995,1529.5348095092522,921.2409550333988,1507.0435305786416,911.3447923039301,1544.8288791820673,896.5005482097272,1561.9222511693315,904.1475830461347,1506.5937050000293,876.7082227507898,1498.0470190063975,855.5664205560158,1539.4309722387209,872.6597925432799,1569.1194604271268,813.2828161664679,1616.3511461814091,750.7570607393704,1661.3337040426304,723.3177004440255,,,,,,,,
labeled-data,LD23_all,img093379.png,1619.0517931855986,247.32418745569163,1632.6438201285298,271.8943900063749,1650.4180092077474,261.9617549326944,1631.5982795944583,303.7833762955596,1610.1646986459898,328.87634911327865,,,,,1666.6238874858577,300.1239844263089,1666.6238874858577,370.175200209108,1636.3032119977806,436.04425385562064,,,,,,,,,,
labeled-data,LD23_all,img094079.png,,,,,,,,,,,,,,,,,,,,,,,,,,,,,,
labeled-data,LD23_all,img095722.png,,,,,,,,,,,,,,,,,,,,,,,,,,,,,,
labeled-data,LD23_all,img095746.png,,,,,,,,,,,,,,,,,,,,,,,,,,,,,,
labeled-data,LD23_all,img097296.png,,,,,,,,,,,,,,,,,,,,,,,,,,,,,,
labeled-data,LD23_all,img100843.png,,,,,,,,,,,,,,,,,,,,,,,,,,,,,,
labeled-data,LD23_all,img103361.png,,,,,,,,,,,,,,,,,,,,,,,,,,,,,,
labeled-data,LD23_all,img104831.png,,,,,,,,,,,,,,,,,,,,,,,,,,,,,,
labeled-data,LD23_all,img106658.png,,,,,,,,,,,,,,,,,,,,,,,,,,,,,,
labeled-data,LD23_all,img107634.png,,,,,,,,,,,,,,,,,,,,,,,,,,,,,,
labeled-data,LD23_all,img111216.png,,,,,,,,,,,,,,,,,,,,,,,,,,,,,,
